
ogre_group = {
	graphical_culture = westerngfx

	ogre_main = {
		graphical_culture = norsegfx

		color = { 0.3 0.6 0.3 }
	
		male_names = {
			Aag Abat Adig Adreg Afag Aflab Agi Agut Anaga Ared Aron Asus Ato Azfag
			Banag Banbat Bandig Bandreg Banfag Banflab Bangi Bangut Bannaga Banred Banron Bansus Banto Baulag Baulbat Bauldig Bauldreg Baulfag Baulflab Baulgi Baulgut Baulnaga Baulred Baulron Baulsus Baulto Blaut Blautag Blautbat Blautdig Blautdreg Blautfag Blautflab Blautgi Blautgut Blautnaga Blautred Blautron Blautsus Blautto Bolag Bolbat Boldig Boldreg Bolfag Bolflab Bolgi Bolgut Bolnaga Bolred Bolron Bolsus Bolto Braugh Braughag Braughbat Braughdig Braughdreg Braughfag Braughflab Braughgi Braughgut Braughnaga Braughred Braughron Braughsus Braughto Brog Brogag Brogbat Brogdig Brogdreg Brogfag Brogflab Broggi Broggut Brognaga Brogred Brogron Brogsus Brogto Bron Bronag Bronbat Brondig Brondreg Bronfag Bronflab Brongi Brongut Bronnaga Bronred Bronron Bronsus Bronto Bru Bruag Brubat Brudig Brudreg Brufag Bruflab Brugi Brugut Brunaga Brured Bruron Brusus Bruto 
			Cro Croag Crobat Crodig Crodreg Crofag Croflab Crogi Crogut Cronaga Crored Croron Crosus Croto 
			Darurg Derghek Derghert Derghrob Derghrok Dorgrut Duzarth 
			Fulg Fulgag Fulgbat Fulgdig Fulgdreg Fulgfag Fulgflab Fulgi Fulgnaga Fulgred Fulgron Fulgsus Fulgto Fulgut Furt Fuzghtag 
			Gegew Ghark Gharkag Gharkbat Gharkdig Gharkdreg Gharkfag Gharkflab Gharkgi Gharkgut Gharknaga Gharkred Gharkron Gharksus Gharkto Ghuth Ghuthag Ghuthbat Ghuthdig Ghuthdreg Ghuthfag Ghuthflab Ghuthgi Ghuthgut Ghuthnaga Ghutho Ghuthred Ghuthron Ghuthsus Goffag Gofflab Gofg Gofgag Gofgbat Gofgdig Gofgdreg Gofgi Gofgnaga Gofgred Gofgron Gofgsus Gofgut Gofto Golflab Golg Golgag Golgbat Golgdig Golgdreg Golgfag Golgi Golgnaga Golgred Golgron Golgsus Golgut Golto Greabat Greadig Greadreg Greafag Greaflab Greag Greagi Greagut Greanaga Greared Grearon Greasus Greato Grog Groth Grothag Grothdig Grothdreg Grothfag Grothflab Grothgi Grothgut Grothnaga Grotho Grothred Grothron Grothsus Grtohbat Grut Grutag Grutbat Grutdig Grutdreg Grutfag Grutflab Grutgi Grutgut Grutnaga Grutred Grutron Grutsus Grutto Gulfag Gulflab Gulg Gulgag Gulgbat Gulgdig Gulgdreg Gulgi Gulgnaga Gulgred Gulgron Gulgsus Gulgut Gulto Gut Gutag Gutbat Gutdig Gutdreg Gutfag Gutflab Gutgi Gutgut Gutnaga Gutred Gutron Gutsus Gutto 
			Huhfrag Huhgflab Huhgr Huhgrag Huhgrbat Huhgrdig Huhgrdreg Huhgred Huhgri Huhgrnaga Huhgro Huhgron Huhgrsus Huhgrut Hulg Hulgag Hulgbat Hulgdig Hulgdreg Hulgfag Hulgflab Hulgi Hulgnaga Hulgo Hulgred Hulgron Hulgsus Hulgut 
			Jhaag Jhabat Jhadig Jhadreg Jhafag Jhaflab Jhagi Jhagut Jhanaga Jhared Jharon Jhasus Jhato Keggurget Malag Malbat Maldig Maldreg Malfag Malflab Malgi Malgut Malnaga Malred Malron Malsus Malto Marghew Morgulg Mud 
			Nagthrug Nazzaart 
			Olag Olbat Oldig Oldreg Olfag Olflab Olgi Olgut Olnaga Olred Olron Olsus Olto 
			Rerann Ruzzikget 
			Skrag Skragag Skragbat Skragdig Skragdreg Skragfag Skragflab Skraggi Skraggut Skragnaga Skragred Skragron Skragsus Skragto Skragut Skraurt Sorfag 
			Tagthrug Tergthrog Tharobb Thegizerth Turgalg Turgrut 
			Vargret Verthrut Vuzzigruk 
			Yegalt Yegrug Yorzolg Yuzemm 
		}
		
		female_names = {
			Aag Abat Adig Adreg Afag Aflab Agi Agut Anaga Ared Aron Asus Ato Azfag
			Banag Banbat Bandig Bandreg Banfag Banflab Bangi Bangut Bannaga Banred Banron Bansus Banto Baulag Baulbat Bauldig Bauldreg Baulfag Baulflab Baulgi Baulgut Baulnaga Baulred Baulron Baulsus Baulto Blaut Blautag Blautbat Blautdig Blautdreg Blautfag Blautflab Blautgi Blautgut Blautnaga Blautred Blautron Blautsus Blautto Bolag Bolbat Boldig Boldreg Bolfag Bolflab Bolgi Bolgut Bolnaga Bolred Bolron Bolsus Bolto Braugh Braughag Braughbat Braughdig Braughdreg Braughfag Braughflab Braughgi Braughgut Braughnaga Braughred Braughron Braughsus Braughto Brog Brogag Brogbat Brogdig Brogdreg Brogfag Brogflab Broggi Broggut Brognaga Brogred Brogron Brogsus Brogto Bron Bronag Bronbat Brondig Brondreg Bronfag Bronflab Brongi Brongut Bronnaga Bronred Bronron Bronsus Bronto Bru Bruag Brubat Brudig Brudreg Brufag Bruflab Brugi Brugut Brunaga Brured Bruron Brusus Bruto 
			Cro Croag Crobat Crodig Crodreg Crofag Croflab Crogi Crogut Cronaga Crored Croron Crosus Croto 
			Darurg Derghek Derghert Derghrob Derghrok Dorgrut Duzarth 
			Fulg Fulgag Fulgbat Fulgdig Fulgdreg Fulgfag Fulgflab Fulgi Fulgnaga Fulgred Fulgron Fulgsus Fulgto Fulgut Furt Fuzghtag 
			Gegew Ghark Gharkag Gharkbat Gharkdig Gharkdreg Gharkfag Gharkflab Gharkgi Gharkgut Gharknaga Gharkred Gharkron Gharksus Gharkto Ghuth Ghuthag Ghuthbat Ghuthdig Ghuthdreg Ghuthfag Ghuthflab Ghuthgi Ghuthgut Ghuthnaga Ghutho Ghuthred Ghuthron Ghuthsus Goffag Gofflab Gofg Gofgag Gofgbat Gofgdig Gofgdreg Gofgi Gofgnaga Gofgred Gofgron Gofgsus Gofgut Gofto Golflab Golg Golgag Golgbat Golgdig Golgdreg Golgfag Golgi Golgnaga Golgred Golgron Golgsus Golgut Golto Greabat Greadig Greadreg Greafag Greaflab Greag Greagi Greagut Greanaga Greared Grearon Greasus Greato Grog Groth Grothag Grothdig Grothdreg Grothfag Grothflab Grothgi Grothgut Grothnaga Grotho Grothred Grothron Grothsus Grtohbat Grut Grutag Grutbat Grutdig Grutdreg Grutfag Grutflab Grutgi Grutgut Grutnaga Grutred Grutron Grutsus Grutto Gulfag Gulflab Gulg Gulgag Gulgbat Gulgdig Gulgdreg Gulgi Gulgnaga Gulgred Gulgron Gulgsus Gulgut Gulto Gut Gutag Gutbat Gutdig Gutdreg Gutfag Gutflab Gutgi Gutgut Gutnaga Gutred Gutron Gutsus Gutto 
			Huhfrag Huhgflab Huhgr Huhgrag Huhgrbat Huhgrdig Huhgrdreg Huhgred Huhgri Huhgrnaga Huhgro Huhgron Huhgrsus Huhgrut Hulg Hulgag Hulgbat Hulgdig Hulgdreg Hulgfag Hulgflab Hulgi Hulgnaga Hulgo Hulgred Hulgron Hulgsus Hulgut 
			Jhaag Jhabat Jhadig Jhadreg Jhafag Jhaflab Jhagi Jhagut Jhanaga Jhared Jharon Jhasus Jhato Keggurget Malag Malbat Maldig Maldreg Malfag Malflab Malgi Malgut Malnaga Malred Malron Malsus Malto Marghew Morgulg Mud 
			Nagthrug Nazzaart 
			Olag Olbat Oldig Oldreg Olfag Olflab Olgi Olgut Olnaga Olred Olron Olsus Olto 
			Rerann Ruzzikget 
			Skrag Skragag Skragbat Skragdig Skragdreg Skragfag Skragflab Skraggi Skraggut Skragnaga Skragred Skragron Skragsus Skragto Skragut Skraurt Sorfag 
			Tagthrug Tergthrog Tharobb Thegizerth Turgalg Turgrut 
			Vargret Verthrut Vuzzigruk 
			Yegalt Yegrug Yorzolg Yuzemm 
		}

		dukes_called_kings = yes
		baron_titles_hidden = yes
		count_titles_hidden = no
		
		dynasty_title_names = yes
		founder_named_dynasties = yes
		
		pat_grf_name_chance = 30
		mat_grf_name_chance = 10
		father_name_chance = 10

		pat_grm_name_chance = 10
		mat_grm_name_chance = 30
		mother_name_chance = 10
		
		modifier = default_culture_modifier
	}
}

